Filename,Width,Height,Depth,Xmin,Ymin,Xmax,Ymax
ABbframe00154.jpg,1920,1090,3,899,452,1010,568
ABbframe00160.jpg,1920,1090,3,790,425,883,554
ABbframe00166.jpg,1920,1090,3,728,393,830,533
ABbframe00169.jpg,1920,1090,3,761,383,855,521
ABbframe00190.jpg,1920,1090,3,1165,473,1283,553
ABbframe00235.jpg,1920,1090,3,1265,465,1368,603
ABbframe00265.jpg,1920,1090,3,799,499,908,601
ABbframe00271.jpg,1920,1090,3,661,518,772,613
ABbframe00274.jpg,1920,1090,3,605,566,727,646
ABbframe00277.jpg,1920,1090,3,555,639,697,696
ABbframe00280.jpg,1920,1090,3,537,687,676,741
ABbframe00283.jpg,1920,1090,3,495,732,643,817
ABbframe00286.jpg,1920,1090,3,461,784,586,888
ABbframe00292.jpg,1920,1090,3,365,826,498,942
ABbframe00295.jpg,1920,1090,3,334,807,468,928
ABbframe00298.jpg,1920,1090,3,299,787,456,889
ABbframe00301.jpg,1920,1090,3,279,747,447,833
ABbframe00304.jpg,1920,1090,3,292,706,467,762
ABbframe00313.jpg,1920,1090,3,420,582,554,651
ABbframe00316.jpg,1920,1090,3,479,558,594,635
ABbframe00319.jpg,1920,1090,3,534,550,641,624
ABbframe00328.jpg,1920,1090,3,668,591,768,665
ABbframe00346.jpg,1920,1090,3,1010,648,1182,725
ABbframe00349.jpg,1920,1090,3,1133,540,1277,662
ABbframe00370.jpg,1920,1090,3,1200,464,1280,649
ABbframe00421.jpg,1920,1090,3,1268,624,1372,803
ABbframe00430.jpg,1920,1090,3,1261,473,1337,633
ABbframe00457.jpg,1920,1090,3,870,402,978,643
ABmframe00127.jpg,1920,1090,3,1379,439,1486,587
ABmframe00133.jpg,1920,1090,3,1255,436,1354,577
ABmframe00142.jpg,1920,1090,3,1070,410,1161,532
ABmframe00157.jpg,1920,1090,3,834,406,928,539
ABmframe00163.jpg,1920,1090,3,1012,384,1066,520
ABmframe00172.jpg,1920,1090,3,1115,407,1185,510
ABmframe00211.jpg,1920,1090,3,1695,463,1839,562
ABmframe00226.jpg,1920,1090,3,1828,518,1911,624
ABmframe00271.jpg,1920,1090,3,623,651,768,714
ABmframe00277.jpg,1920,1090,3,506,758,648,827
ABmframe00289.jpg,1920,1090,3,328,873,446,962
ABmframe00301.jpg,1920,1090,3,282,707,413,749
ABmframe00313.jpg,1920,1090,3,504,498,590,591
ABmframe00322.jpg,1920,1090,3,618,553,710,638
ABmframe00412.jpg,1920,1090,3,1042,586,1173,682
ABsframe00001.jpg,1920,1090,3,949,414,1029,527
ABsframe00004.jpg,1920,1090,3,936,409,1012,516
ABsframe00019.jpg,1920,1090,3,1114,409,1197,522
ABsframe00064.jpg,1920,1090,3,1475,414,1526,539
ABsframe00067.jpg,1920,1090,3,1428,405,1489,535
ABsframe00094.jpg,1920,1090,3,1000,402,1070,485
ABsframe00100.jpg,1920,1090,3,861,367,934,474
ABsframe00133.jpg,1920,1090,3,300,713,411,778
ABsframe00151.jpg,1920,1090,3,575,482,675,574
ABsframe00184.jpg,1920,1090,3,1366,490,1437,645
ABsframe00190.jpg,1920,1090,3,1352,483,1428,639
ABsframe00214.jpg,1920,1090,3,1250,450,1301,601
ABsframe00223.jpg,1920,1090,3,1318,456,1394,590
ABsframe00241.jpg,1920,1090,3,1383,482,1455,604
ABsframe00256.jpg,1920,1090,3,1170,514,1290,626
billete_0001.jpg,640,427,3,157,3,622,419
billete_0002.jpg,1000,567,3,1,166,519,567
billete_0003.jpg,624,385,3,1,43,622,385
billete_0004.jpg,916,550,3,269,235,610,405
billete_0005.jpg,236,133,3,4,3,232,131
billete_0006.jpg,800,497,3,120,108,714,356
billete_0007.jpg,944,871,3,172,64,651,572
billete_0008.jpg,1800,1201,3,288,289,1603,909
billete_0010.jpg,770,450,3,55,94,321,193
billete_0011.jpg,1300,865,3,641,163,1300,649
billete_0012.jpg,800,533,3,57,11,698,337
billete_0013.jpg,620,349,3,188,1,598,343
billete_0014.jpg,618,349,3,1,1,618,349
billete_0015.jpg,800,484,3,118,89,681,357
billete_0016.jpg,800,533,3,189,285,728,533
billete_0017.jpg,1200,600,3,345,140,897,394
billete_0020.jpg,236,132,3,11,8,230,128
billete_0021.jpg,1280,720,3,140,69,779,592
billete_0022.jpg,640,428,3,132,45,401,285
billete_0023.jpg,299,169,3,18,11,244,169
billete_0024.jpg,720,395,3,43,36,152,223
billete_0025.jpg,1600,1193,3,586,358,1014,756
billete_0026.jpg,640,480,3,104,123,518,423
billete_0027.jpg,750,320,3,258,1,661,289
billete_0031.jpg,460,267,3,231,59,418,228
billete_0032.jpg,1330,750,3,7,230,1202,715
billete_0033.jpg,1000,667,3,293,208,738,429
billete_0034.jpg,891,469,3,60,40,818,435
billete_0035.jpg,940,627,3,218,65,669,241
billete_0036.jpg,222,227,3,1,32,160,113
billete_0037.jpg,300,168,3,30,20,294,127
billete_0038.jpg,300,168,3,1,1,245,159
billete_0043.jpg,318,159,3,22,1,237,83
billete_0044.jpg,259,194,3,25,17,241,137
billete_0045.jpg,299,168,3,12,44,272,158
billete_0046.jpg,240,207,3,4,3,227,103
billete_0047.jpg,276,183,3,25,36,263,153
billete_0048.jpg,275,183,3,96,48,231,124
billete_0050.jpg,261,193,3,1,51,261,178
billete_0052.jpg,246,205,3,53,14,171,185
billete_0053.jpg,296,170,3,127,12,292,97
billete_0055.jpg,297,169,3,81,65,233,157
billete_0056.jpg,300,168,3,25,1,300,168
billete_0057.jpg,260,194,3,15,53,246,185
billete_0058.jpg,259,194,3,49,89,211,131
billete_0059.jpg,257,196,3,46,1,230,193
billete_0060.jpg,299,168,3,36,3,250,162
billete_0061.jpg,307,164,3,85,1,244,138
billete_0063.jpg,300,168,3,1,1,258,151
billete_0064.jpg,259,194,3,64,72,221,141
billete_0065.jpg,275,183,3,37,19,232,163
billete_0066.jpg,259,194,3,1,16,250,194
billete_0067.jpg,299,168,3,28,1,294,168
billete_0069.jpg,307,164,3,12,9,294,150
billete_0071.jpg,275,183,3,69,7,239,178
billete_0073.jpg,300,168,3,64,29,288,146
billete_0076.jpg,300,168,3,28,4,219,134
billete_0078.jpg,300,168,3,23,26,257,155
billete_0080.jpg,284,177,3,54,17,239,177
billete_0085.jpg,289,174,3,53,26,239,145
billete_0086.jpg,276,182,3,48,33,238,164
billete_0090.jpg,268,188,3,33,33,208,184
billete_0091.jpg,284,177,3,72,48,242,141
billete_0092.jpg,283,178,3,25,1,254,174
billete_0094.jpg,259,194,3,34,42,228,135
billete_0096.jpg,1920,1280,3,502,370,1115,675
billete_0097.jpg,700,466,3,171,105,487,266
billete_0098.jpg,500,371,3,63,94,304,199
billete_0099.jpg,1821,1214,3,192,376,1210,961
billete_0100.jpg,450,299,3,97,15,331,147
billete_0120.jpg,1920,1080,3,810,447,894,589
billete_0121.jpg,1920,1080,3,493,433,636,525
billete_0125.jpg,1920,1080,3,898,613,1073,710
billete_0127.jpg,1920,1080,3,935,573,1097,750
billete_0130.jpg,1920,1080,3,876,396,955,546
billete_0131.jpg,1920,1080,3,808,481,895,565
billete_0132.jpg,1920,1080,3,887,550,1011,688
billete_0133.jpg,1920,1080,3,910,527,1021,667
billete_0135.jpg,1920,1080,3,670,219,778,322
billete_0136.jpg,1920,1080,3,1003,546,1091,698
billete_0137.jpg,1920,1080,3,971,615,1116,764
billete_0139.jpg,1920,1080,3,934,502,1057,653
billete_0140.jpg,1920,1080,3,875,600,1053,706
billete_0146.jpg,1920,1080,3,960,464,1123,613
billete_0148.jpg,1920,1080,3,897,273,1022,405
billete_0150.jpg,1920,1080,3,864,298,971,431
billete_0159.jpg,1616,1080,3,891,342,989,422
billete_0160.jpg,1620,1080,3,759,499,882,645
billete_0161.jpg,1620,1080,3,982,325,1146,529
billete_0163.jpg,1620,1080,3,1091,544,1205,661
billete_0164.jpg,1620,1080,3,967,614,1090,726
billete_0165.jpg,1620,1080,3,939,638,1090,745
billete_0166.jpg,1620,1080,3,700,608,1041,937
billete_0168.jpg,1620,1080,3,726,616,863,727
billete_0174.jpg,1620,1080,3,447,340,537,447
billete_0175.jpg,1620,1080,3,766,332,837,433
billete_0177.jpg,1620,1080,3,634,317,820,396
billete_0178.jpg,1620,1080,3,556,242,721,469
billete_0180.jpg,1620,1080,3,605,486,790,594
billete_0181.jpg,1620,1080,3,714,507,840,609
billete_0183.jpg,1620,1080,3,726,441,817,597
billete_0184.jpg,1620,1080,3,833,539,975,624
billete_0185.jpg,1620,1080,3,727,459,954,630
billete_0188.jpg,1920,1080,3,694,325,824,531
billete_0189.jpg,1920,1080,3,668,391,796,594
billete_0190.jpg,1920,1080,3,921,451,1048,660
billete_0193.jpg,1920,1080,3,916,586,1090,723
billete_0194.jpg,1920,1080,3,687,794,817,918
billete_0198.jpg,1920,1080,3,845,330,949,463
billete_0199.jpg,1920,1080,3,899,918,1028,1038
billete_0201.jpg,1920,1080,3,1035,375,1290,593
billete_0202.jpg,1920,1080,3,850,803,1017,980
billete_0205.jpg,1920,1080,3,645,500,912,769
billete_0206.jpg,1920,1080,3,816,443,1004,677
billete_0207.jpg,1920,1080,3,545,614,762,813
billete_0208.jpg,1920,1080,3,707,736,879,1003
billete_2011.jpg,852,480,3,259,106,632,471
billete_2012.jpg,846,480,3,272,136,666,295
billete_2013.jpg,852,480,3,237,69,489,445
billete_2014.jpg,852,480,3,370,54,582,355
billete_2015.jpg,852,480,3,459,224,653,396
billete_2016.jpg,852,480,3,324,123,558,310
billete_2017.jpg,852,480,3,224,186,560,322
billete_2018.jpg,852,480,3,137,73,498,450
billete_2019.jpg,1280,853,3,530,450,893,661
billete_2020.jpg,852,480,3,87,131,380,480
billete_2021.jpg,983,502,3,27,17,545,296
billete_2022.jpg,700,403,3,48,36,605,368
billete_2023.jpg,1300,1288,3,95,171,1202,1048
billete_2024.jpg,1024,768,3,1,103,1024,700
billete_2025.jpg,700,397,3,66,38,639,356
billete_2026.jpg,1300,957,3,62,138,728,558
billete_2027.jpg,770,420,3,88,12,711,275
billete_2028.jpg,770,420,3,169,1,618,420
billete_2029.jpg,852,480,3,365,92,670,427
billete_2030.jpg,1006,656,3,363,45,854,463
billete_2031.jpg,1300,866,3,370,188,1020,522
billete_2032.jpg,1300,630,3,359,157,654,485
billete_2033.jpg,800,536,3,48,33,562,508
billete_2034.jpg,800,536,3,88,186,657,500
billete_2035.jpg,533,800,3,114,75,417,417
billete_2036.jpg,800,568,3,298,77,660,378
billete_2037.jpg,800,649,3,38,10,742,628
billete_2038.jpg,612,408,3,143,4,484,367
billete_2039.jpg,1024,682,3,502,200,910,486
billete_2040.jpg,800,450,3,271,55,587,273
billete_2041.jpg,852,480,3,298,164,668,366
billete_2042.jpg,300,200,3,96,51,228,153
billete_2043.jpg,1000,541,3,89,1,943,540
billete_2044.jpg,450,356,3,4,28,407,307
billete_2045.jpg,840,518,3,121,55,589,518
billete_2046.jpg,509,339,3,170,69,389,218
billete_2047.jpg,852,480,3,343,191,595,393
billete_2048.jpg,852,480,3,275,105,559,330
billete_2049.jpg,852,480,3,122,1,628,479
billete_2050.jpg,460,249,3,93,14,351,185
billete_2051.jpg,1300,975,3,85,108,1074,872
billete_2052.jpg,850,492,3,197,13,702,487
billete_2053.jpg,664,355,3,225,2,619,310
billete_2054.jpg,770,420,3,349,82,756,273
billete_2055.jpg,770,514,3,71,70,747,444
billete_2056.jpg,1920,1477,3,35,89,1850,1399
billete_2057.jpg,1200,800,3,106,58,1143,691
billete_2058.jpg,674,420,3,241,103,455,248
billete_2059.jpg,980,550,3,5,1,951,549
billete_2060.jpg,410,612,3,13,32,270,257
billete_2061.jpg,852,480,3,198,152,554,291
billete_2062.jpg,674,420,3,202,34,558,420
billete_2063.jpg,770,450,3,202,15,671,450
billete_2064.jpg,572,381,3,60,36,537,307
billete_2065.jpg,674,420,3,230,75,506,291
billete_2066.jpg,592,540,3,143,10,424,186
billete_2067.jpg,800,619,3,262,224,714,541
billete_2068.jpg,852,480,3,261,80,498,216
billete_2069.jpg,852,480,3,48,147,685,440
billete_2070.jpg,852,480,3,303,112,548,268
billete_2071.jpg,1024,682,3,249,166,963,622
billete_2072.jpeg,860,484,3,69,50,596,480
billete_2073.jpg,1300,1390,3,93,76,1149,1230
billete_2074.jpg,612,402,3,324,149,584,271
billete_2075.jpg,416,245,3,7,2,180,171
billete_2076.jpg,1068,688,3,114,13,1003,687
billete_2077.jpg,500,334,3,19,83,458,302
billete_2078.jpg,852,480,3,139,43,471,259
billete_2079.jpg,852,480,3,103,44,558,439
billete_2080.jpg,800,785,3,164,229,733,687
billete_2081.jpg,960,540,3,253,316,574,540
billete_2082.jpg,1500,1132,3,618,230,1227,794
billete_2083.jpg,1300,861,3,96,332,1013,702
billete_2084.jpg,612,483,3,62,62,434,344
billete_2085.jpg,1300,866,3,424,69,1045,707
billete_2086.jpg,1024,678,3,346,89,816,525
billete_2088.jpg,800,563,3,210,10,785,536
billete_2089.jpg,1300,866,3,520,204,971,742
billete_2090.jpg,1300,866,3,189,134,1027,505
billete_2091.jpg,427,240,3,103,44,207,196
billete_2092.jpg,613,478,3,173,207,463,436
billete_2093.jpg,1024,683,3,234,192,625,683
billete_2094.jpg,300,450,3,17,40,293,351
billete_2095.jpg,1300,904,3,90,181,1006,732
billete_2096.jpg,1300,822,3,607,54,1039,528
billete_2097.jpg,1300,870,3,401,226,970,540
billete_2098.jpg,450,300,3,66,56,294,172
billete_2099.jpg,600,320,3,62,42,390,270
billete_2100.jpg,612,408,3,50,63,569,362
billete_2101.jpg,1300,772,3,446,10,968,678
billete_2102.jpg,1024,777,3,67,86,968,729
billete_2103.jpg,600,600,3,137,92,530,536
billete_2104.jpg,1024,682,3,143,211,499,492
billete_2105.jpg,1024,729,3,119,55,1022,688
billete_2106.jpg,454,300,3,23,24,395,300
billete_2107.jpg,1000,567,3,36,121,558,400
billete_2108.jpg,800,520,3,10,37,577,478
billete_2109.jpg,612,373,3,210,100,536,225
billete_2110.jpg,870,1300,3,49,238,770,1016
billete_2111.jpg,450,300,3,95,16,385,294
billete_2112.jpg,1600,1200,3,117,306,1483,1056
billete_2113.jpg,1600,1200,3,95,257,1519,1044
billete_2114.jpg,800,800,3,268,511,548,660
DefenseAndSurvive02.jpg,1280,720,3,385,495,567,717
DefenseAndSurvive04.jpg,1280,720,3,390,466,567,701
DefenseAndSurvive05.jpg,1280,720,3,390,465,563,697
DefenseAndSurvive07.jpg,1280,720,3,423,382,561,659
DefenseAndSurvive09.jpg,1280,720,3,442,390,559,668
DefenseAndSurvive10.jpg,1280,720,3,432,428,563,690
DefenseAndSurvive11.jpg,1280,720,3,421,430,556,697
DefenseKnifeAttack0002.jpg,1280,720,3,687,256,737,357
DefenseKnifeAttack0027.jpg,1280,720,3,476,452,557,596
DefenseKnifeAttack0030.jpg,1280,720,3,652,501,816,592
DefenseKnifeAttack0051.jpg,1280,720,3,679,282,744,363
DefenseKnifeAttack0052.jpg,1280,720,3,683,273,747,362
DefenseKnifeAttack0053.jpg,1280,720,3,685,293,762,381
DefenseKnifeAttack0059.jpg,1280,720,3,706,317,784,388
DefenseKnifeAttack0071.jpg,1280,720,3,706,322,778,399
DefenseKnifeAttack0091.jpg,1280,720,3,560,501,665,537
DefenseKnifeAttack0093.jpg,1280,720,3,572,486,675,524
DefenseKnifeAttack0095.jpg,1280,720,3,571,479,673,515
DefenseKnifeAttack0098.jpg,1280,720,3,572,468,676,502
DefenseKnifeAttack0122.jpg,1280,720,3,643,414,729,456
DefenseKnifeAttack0132.jpg,1280,720,3,648,395,735,442
DefenseKnifeAttack0135.jpg,1280,720,3,641,396,729,441
DefenseKnifeAttack0142.jpg,1280,720,3,115,501,305,581
DefenseKnifeAttack0161.jpg,1280,720,3,369,472,562,539
DefenseKnifeAttack0166.jpg,1280,720,3,390,459,585,524
DefenseKnifeAttack0167.jpg,1280,720,3,393,455,580,526
DefenseKnifeAttack0173.jpg,1280,720,3,301,487,504,546
DefenseKnifeAttack0177.jpg,1280,720,3,306,405,479,526
DefenseKnifeAttack0187.jpg,1280,720,3,185,513,390,573
DefenseKnifeAttack0198.jpg,1280,720,3,382,492,568,566
DefenseKnifeAttack0202.jpg,1280,720,3,394,486,575,551
DefenseKnifeAttack0209.jpg,1280,720,3,385,484,561,542
DefenseKnifeAttack0216.jpg,1280,720,3,249,461,428,556
DefenseKnifeAttack0219.jpg,1280,720,3,252,432,412,552
DefenseKnifeAttack0221.jpg,1280,720,3,263,500,431,621
DefenseKnifeAttack0225.jpg,1280,720,3,657,450,734,512
DefenseKnifeAttack0239.jpg,1280,720,3,667,452,736,516
DefenseKnifeAttack0300.jpg,1280,720,3,688,496,768,533
DefenseKnifeAttack0335.jpg,1280,720,3,346,552,518,605
DefenseKnifeAttack0337.jpg,1280,720,3,364,544,534,594
DefenseKnifeAttack0338.jpg,1280,720,3,359,554,529,601
DefenseKnifeAttack0342.jpg,1280,720,3,413,514,573,602
DefenseKnifeAttack0344.jpg,1280,720,3,390,553,545,596
DefenseKnifeAttack0359.jpg,1280,720,3,239,495,411,547
DefenseKnifeAttack0362.jpg,1280,720,3,319,485,481,529
DefenseKnifeAttack0364.jpg,1280,720,3,292,470,454,516
DefenseKnifeAttack0366.jpg,1280,720,3,296,468,447,528
DefenseKnifeAttack0373.jpg,1280,720,3,194,487,322,579
DefenseKnifeAttack0377.jpg,1280,720,3,145,529,340,611
DefenseKnifeAttack0393.jpg,1280,720,3,358,553,571,630
DefenseKnifeAttack0401.jpg,1280,720,3,430,488,630,595
DefenseKnifeAttack0419.jpg,1280,720,3,326,608,523,688
DefenseKnifeAttack0423.jpg,1280,720,3,345,601,541,692
DefenseKnifeAttack0426.jpg,1280,720,3,356,608,544,699
DefenseKnifeAttack0428.jpg,1280,720,3,354,598,541,693
DefenseKnifeAttack0452.jpg,1280,720,3,248,552,379,702
DefenseKnifeAttack0456.jpg,1280,720,3,235,551,363,687
DefenseKnifeAttack0475.jpg,1280,720,3,453,477,600,633
DefenseKnifeAttack0496.jpg,1280,720,3,219,520,431,607
DefenseKnifeAttack0500.jpg,1280,720,3,253,446,439,564
DefenseKnifeAttack0501.jpg,1280,720,3,240,437,423,563
DefenseKnifeAttack0502.jpg,1280,720,3,235,435,422,565
DefenseKnifeAttack0509.jpg,1280,720,3,217,420,411,541
DefenseKnifeAttack0511.jpg,1280,720,3,221,458,419,568
DefenseKnifeAttack0517.jpg,1280,720,3,123,606,315,695
DefenseKnifeAttack0563.jpg,1280,720,3,270,371,440,490
DefenseKnifeAttack0567.jpg,1280,720,3,430,419,844,598
DefenseKnifeAttack0666.jpg,1280,720,3,311,253,457,666
DefenseKnifeAttack0667.jpg,1280,720,3,325,265,454,669
DefenseKnifeAttack0668.jpg,1280,720,3,333,275,470,653
DefenseKnifeAttack0681.jpg,1280,720,3,530,477,633,512
DefenseKnifeAttack0700.jpg,1280,720,3,573,478,661,521
DefenseKnifeAttack0705.jpg,1280,720,3,584,476,679,512
DefenseKnifeAttack0731.jpg,1280,720,3,519,601,699,667
DefenseKnifeAttack0756.jpg,1280,720,3,440,584,621,646
DefenseKnifeAttack0762.jpg,1280,720,3,543,461,715,561
DefenseKnifeAttack0779.jpg,1280,720,3,354,561,560,627
DefenseKnifeAttack0782.jpg,1280,720,3,418,597,622,652
DefenseKnifeAttack0792.jpg,1280,720,3,359,527,551,591
DefenseKnifeAttack0795.jpg,1280,720,3,318,579,534,635
DefenseKnifeAttack0809.jpg,1280,720,3,278,556,480,611
DefenseKnifeAttack0824.jpg,1280,720,3,538,459,688,614
DefenseKnifeAttack0838.jpg,1280,720,3,331,627,528,711
DefenseKnifeAttack0842.jpg,1280,720,3,408,521,578,666
DefenseKnifeAttack0864.jpg,1280,720,3,366,390,512,561
DefenseKnifeAttack0886.jpg,1280,720,3,301,546,472,635
DefenseKnifeAttack0898.jpg,1280,720,3,198,562,367,626
DefenseKnifeAttack0912.jpg,1280,720,3,559,513,693,665
DefenseKnifeAttack0940.jpg,1280,720,3,791,384,912,497
DefenseKnifeAttack0942.jpg,1280,720,3,785,384,909,498
DefenseKnifeAttack0984.jpg,1280,720,3,783,303,885,527
DefenseKnifeAttack0986.jpg,1280,720,3,757,258,886,524
DefenseKnifeAttack1007.jpg,1280,720,3,22,516,149,645
DefenseKnifeAttack1008.jpg,1280,720,3,11,497,125,636
DefenseKnifeAttack1071.jpg,1280,720,3,496,465,576,549
DefenseKnifeAttack1102.jpg,1280,720,3,460,371,511,477
DefenseKnifeAttack1113.jpg,1280,720,3,501,392,588,479
DefenseKnifeAttack1123.jpg,1280,720,3,515,408,598,492
DefenseKnifeAttack1190.jpg,1280,720,3,569,503,672,550
DefenseKnifeAttack1213.jpg,1280,720,3,901,442,1078,504
DefenseKnifeAttack1217.jpg,1280,720,3,912,214,979,413
DefenseKnifeAttack1222.jpg,1280,720,3,596,394,786,488
DefenseKnifeAttack1246.jpg,1280,720,3,521,35,750,129
DefenseKnifeAttack1290.jpg,1280,720,3,738,427,835,650
DefenseKnifeAttack1310.jpg,1280,720,3,344,46,547,126
DefenseKnifeAttack1312.jpg,1280,720,3,351,37,550,113
DefenseKnifeAttack1315.jpg,1280,720,3,370,39,557,114
DefenseKnifeAttack1318.jpg,1280,720,3,391,29,579,113
DefenseKnifeAttack1322.jpg,1280,720,3,433,40,614,126
DefenseKnifeAttack1327.jpg,1280,720,3,453,87,634,185
DefenseKnifeAttack1420.jpg,1280,720,3,421,126,580,214
DefenseKnifeAttack1422.jpg,1280,720,3,472,123,633,214
DefenseKnifeAttack1427.jpg,1280,720,3,628,246,725,348
DSC_0001.jpg,1920,1280,3,873,651,1079,758
DSC_00031.jpg,1920,1281,3,867,913,937,1070
DSC_0005.jpg,1920,1280,3,885,602,1116,735
DSC_0007.jpg,1920,1280,3,1041,658,1212,840
DSC_00071.jpg,1920,1281,3,987,663,1136,759
DSC_0008.jpg,1920,1280,3,922,467,977,729
DSC_00091.jpg,1920,1281,3,964,899,1118,996
DSC_0012.jpg,1920,1280,3,866,513,1174,588
DSC_0013.jpg,1920,1280,3,803,375,897,621
DSC_0016.jpg,1920,1280,3,833,642,1059,741
DSC_00211.jpg,1920,1281,3,898,510,970,750
DSC_00221.jpg,1920,1281,3,900,550,1020,764
DSC_0024.jpg,1920,1280,3,969,580,1073,696
DSC_0030.jpg,1920,1280,3,811,726,948,789
DSC_0032.jpg,1920,1280,3,529,729,732,813
DSC_00341.jpg,1920,1281,3,949,315,1036,466
DSC_0035.jpg,1920,1280,3,673,615,726,834
DSC_00371.jpg,1920,1281,3,1201,177,1299,219
DSC_0041.jpg,1920,1280,3,989,517,1080,756
DSC_00411.jpg,1920,1281,3,845,494,1053,576
DSC_0048.jpg,1920,1280,3,882,788,959,1008
DSC_00481.jpg,1920,1281,3,517,790,830,925
DSC_00491.jpg,1920,1281,3,528,755,753,818
DSC_0050.jpg,1920,1280,3,867,614,1033,888
DSC_00511.jpg,1920,1281,3,590,496,662,730
DSC_00551.jpg,1920,1281,3,641,364,783,628
DSC_00571.jpg,1920,1281,3,639,670,719,891
DSC_00601.jpg,1920,1281,3,503,821,895,992
DSC_0061.jpg,1920,1281,3,824,578,976,995
DSC_0062.jpg,1920,1280,3,1049,667,1344,764
HBbframe00121.jpg,1920,1090,3,1362,648,1503,775
HBbframe00139.jpg,1920,1090,3,1070,608,1192,726
HBbframe00166.jpg,1920,1090,3,717,591,828,678
HBbframe00169.jpg,1920,1090,3,783,606,872,684
HBbframe00175.jpg,1920,1090,3,947,586,1035,644
HBbframe00193.jpg,1920,1090,3,1110,604,1269,662
HBbframe00205.jpg,1920,1090,3,1321,639,1502,710
HBbframe00226.jpg,1920,1090,3,1260,536,1360,697
HBbframe00241.jpg,1920,1090,3,1077,489,1149,644
HBbframe00244.jpg,1920,1090,3,1005,494,1078,640
HBbframe00253.jpg,1920,1090,3,783,501,860,634
HBbframe00268.jpg,1920,1090,3,439,596,582,671
HBbframe00295.jpg,1920,1090,3,215,804,379,902
HBbframe00301.jpg,1920,1090,3,294,805,430,934
HBbframe00307.jpg,1920,1090,3,361,820,489,955
HBbframe00328.jpg,1920,1090,3,415,584,545,658
HBbframe00346.jpg,1920,1090,3,621,542,731,615
HBbframe00373.jpg,1920,1090,3,860,791,1011,882
HBbframe00379.jpg,1920,1090,3,1003,643,1106,769
HBbframe00406.jpg,1920,1090,3,1113,540,1203,707
HBbframe00448.jpg,1920,1090,3,1226,602,1344,753
HBmframe00121.jpg,1920,1090,3,1391,627,1517,772
HBmframe00139.jpg,1920,1090,3,959,578,1050,669
HBmframe00145.jpg,1920,1090,3,824,573,908,663
HBmframe00157.jpg,1920,1090,3,676,555,772,642
HBmframe00175.jpg,1920,1090,3,1114,545,1202,626
HBmframe00190.jpg,1920,1090,3,1267,646,1399,713
HBmframe00196.jpg,1920,1090,3,1340,671,1483,741
HBmframe00205.jpg,1920,1090,3,1552,704,1703,780
HBmframe00226.jpg,1920,1090,3,1183,588,1252,681
HBmframe00241.jpg,1920,1090,3,888,562,985,636
HBmframe00268.jpg,1920,1090,3,347,624,470,687
HBmframe00280.jpg,1920,1090,3,281,819,392,927
HBmframe00286.jpg,1920,1090,3,348,823,421,961
HBmframe00301.jpg,1920,1090,3,210,660,355,719
HBmframe00322.jpg,1920,1090,3,572,493,673,574
HBmframe00355.jpg,1920,1090,3,1046,543,1102,708
HBmframe00361.jpg,1920,1090,3,1114,546,1166,706
HBmframe00370.jpg,1920,1090,3,1139,625,1250,724
HBsframe00091.jpg,1920,1090,3,1284,560,1381,685
HBsframe00097.jpg,1920,1090,3,1265,589,1382,714
HBsframe00100.jpg,1920,1090,3,1277,613,1397,734
HBsframe00127.jpg,1920,1090,3,901,668,1033,755
HBsframe00133.jpg,1920,1090,3,768,685,893,772
HBsframe00151.jpg,1920,1090,3,965,560,1064,669
HBsframe00163.jpg,1920,1090,3,1087,544,1200,669
HBsframe00175.jpg,1920,1090,3,1216,552,1328,695
HBsframe00199.jpg,1920,1090,3,1379,580,1505,723
HBsframe00217.jpg,1920,1090,3,1288,613,1360,721
HBsframe00226.jpg,1920,1090,3,1293,633,1405,732
HBsframe00247.jpg,1920,1090,3,1099,589,1208,678
HBsframe00268.jpg,1920,1090,3,605,580,717,662
HBsframe00364.jpg,1920,1090,3,1239,547,1288,694
HBsframe00367.jpg,1920,1090,3,1264,547,1308,694
HBsframe00373.jpg,1920,1090,3,1263,569,1333,704
HBsframe00391.jpg,1920,1090,3,1218,602,1290,700
HBsframe00418.jpg,1920,1090,3,1174,620,1241,747
HBsframe00436.jpg,1920,1090,3,1348,558,1438,693
HBsframe00448.jpg,1920,1090,3,1249,509,1354,640
KnifeDefenseKrav020.jpg,1280,720,3,565,26,706,99
KnifeDefenseKrav022.jpg,1280,720,3,569,21,711,101
KnifeDefenseKrav026.jpg,1280,720,3,561,20,703,96
KnifeDefenseKrav030.jpg,1280,720,3,559,27,707,107
KnifeDefenseKrav042.jpg,1280,720,3,536,51,676,126
KnifeDefenseKrav047.jpg,1280,720,3,539,41,686,118
KnifeDefenseKrav048.jpg,1280,720,3,543,40,684,116
KnifeDefenseKrav054.jpg,1280,720,3,551,38,697,119
KnifeDefenseKrav057.jpg,1280,720,3,537,38,683,120
KnifeDefenseKrav060.jpg,1280,720,3,525,45,669,128
KnifeDefenseKrav062.jpg,1280,720,3,508,62,659,148
KnifeDefenseKrav184.jpg,1280,720,3,861,48,972,119
KnifeDefenseKrav188.jpg,1280,720,3,795,36,897,108
KnifeDefenseKrav228.jpg,1280,720,3,708,311,834,425
KnifeDefenseKrav249.jpg,1280,720,3,828,398,917,527
KravMagaKnifeDefenseTechniques038.jpg,1280,720,3,602,392,734,478
KravMagaKnifeDefenseTechniques042.jpg,1280,720,3,575,366,709,446
KravMagaKnifeDefenseTechniques044.jpg,1280,720,3,592,363,724,439
KravMagaKnifeDefenseTechniques045.jpg,1280,720,3,593,352,728,432
KravMagaKnifeDefenseTechniques046.jpg,1280,720,3,601,356,735,432
KravMagaKnifeDefenseTechniques048.jpg,1280,720,3,598,363,734,437
KravMagaKnifeDefenseTechniques049.jpg,1280,720,3,588,363,731,433
KravMagaKnifeDefenseTechniques051.jpg,1280,720,3,583,379,725,449
KravMagaKnifeDefenseTechniques052.jpg,1280,720,3,579,388,720,452
KravMagaKnifeDefenseTechniques054.jpg,1280,720,3,563,387,706,456
KravMagaKnifeDefenseTechniques055.jpg,1280,720,3,563,384,702,461
KravMagaKnifeDefenseTechniques056.jpg,1280,720,3,567,395,701,462
KravMagaKnifeDefenseTechniques060.jpg,1280,720,3,563,395,696,461
KravMagaKnifeDefenseTechniques063.jpg,1280,720,3,537,377,688,462
KravMagaKnifeDefenseTechniques064.jpg,1280,720,3,541,384,682,456
KravMagaKnifeDefenseTechniques066.jpg,1280,720,3,537,392,692,469
KravMagaKnifeDefenseTechniques067.jpg,1280,720,3,538,391,685,466
KravMagaKnifeDefenseTechniques068.jpg,1280,720,3,541,397,688,472
KravMagaKnifeDefenseTechniques070.jpg,1280,720,3,551,408,701,472
KravMagaKnifeDefenseTechniques072.jpg,1280,720,3,557,411,706,479
KravMagaKnifeDefenseTechniques073.jpg,1280,720,3,546,414,701,484
KravMagaKnifeDefenseTechniques075.jpg,1280,720,3,551,424,698,485
KravMagaKnifeDefenseTechniques081.jpg,1280,720,3,541,395,689,466
KravMagaKnifeDefenseTechniques082.jpg,1280,720,3,543,397,696,466
KravMagaKnifeDefenseTechniques084.jpg,1280,720,3,547,397,691,471
KravMagaKnifeDefenseTechniques086.jpg,1280,720,3,549,397,698,468
KravMagaKnifeDefenseTechniques088.jpg,1280,720,3,559,427,704,491
KravMagaKnifeDefenseTechniques091.jpg,1280,720,3,534,458,689,524
KravMagaKnifeDefenseTechniques092.jpg,1280,720,3,531,459,686,527
KravMagaKnifeDefenseTechniques098.jpg,1280,720,3,509,450,664,521
KravMagaKnifeDefenseTechniques101.jpg,1280,720,3,356,356,501,465
KravMagaKnifeDefenseTechniques104.jpg,1280,720,3,327,274,454,377
KravMagaKnifeDefenseTechniques106.jpg,1280,720,3,349,249,473,356
KravMagaKnifeDefenseTechniques107.jpg,1280,720,3,328,229,453,333
KravMagaKnifeDefenseTechniques109.jpg,1280,720,3,341,232,463,336
KravMagaKnifeDefenseTechniques110.jpg,1280,720,3,344,216,469,321
KravMagaKnifeDefenseTechniques112.jpg,1280,720,3,344,214,464,316
KravMagaKnifeDefenseTechniques114.jpg,1280,720,3,343,208,478,310
KravMagaKnifeDefenseTechniques115.jpg,1280,720,3,351,195,485,292
KravMagaKnifeDefenseTechniques118.jpg,1280,720,3,350,181,492,281
KravMagaKnifeDefenseTechniques121.jpg,1280,720,3,349,181,504,272
KravMagaKnifeDefenseTechniques123.jpg,1280,720,3,335,179,495,274
KravMagaKnifeDefenseTechniques124.jpg,1280,720,3,320,177,482,268
KravMagaKnifeDefenseTechniques126.jpg,1280,720,3,296,200,459,301
KravMagaKnifeDefenseTechniques133.jpg,1280,720,3,472,379,620,449
KravMagaKnifeDefenseTechniques134.jpg,1280,720,3,470,384,618,448
KravMagaKnifeDefenseTechniques147.jpg,1280,720,3,353,135,492,250
KravMagaKnifeDefenseTechniques149.jpg,1280,720,3,351,143,488,246
KravMagaKnifeDefenseTechniques157.jpg,1280,720,3,402,161,557,271
KravMagaKnifeDefenseTechniques159.jpg,1280,720,3,422,178,576,290
KravMagaKnifeDefenseTechniques161.jpg,1280,720,3,428,188,586,300
KravMagaKnifeDefenseTechniques162.jpg,1280,720,3,431,191,598,300
KravMagaKnifeDefenseTechniques163.jpg,1280,720,3,434,190,593,298
KravMagaKnifeDefenseTechniques166.jpg,1280,720,3,422,195,586,320
KravMagaKnifeDefenseTechniques167.jpg,1280,720,3,421,200,586,316
KravMagaKnifeDefenseTechniques169.jpg,1280,720,3,434,203,604,324
KravMagaKnifeDefenseTechniques170.jpg,1280,720,3,434,207,601,329
KravMagaKnifeDefenseTechniques172.jpg,1280,720,3,437,200,599,314
KravMagaKnifeDefenseTechniques173.jpg,1280,720,3,430,197,604,316
KravMagaKnifeDefenseTechniques175.jpg,1280,720,3,424,198,586,323
KravMagaKnifeDefenseTechniques176.jpg,1280,720,3,417,184,580,306
KravMagaKnifeDefenseTechniques177.jpg,1280,720,3,396,171,540,285
KravMagaKnifeDefenseTechniques179.jpg,1280,720,3,378,148,520,261
KravMagaKnifeDefenseTechniques181.jpg,1280,720,3,375,153,504,265
KravMagaKnifeDefenseTechniques182.jpg,1280,720,3,376,111,517,214
KravMagaKnifeDefenseTechniques186.jpg,1280,720,3,440,200,622,308
KravMagaKnifeDefenseTechniques189.jpg,1280,720,3,459,242,633,350
KravMagaKnifeDefenseTechniques190.jpg,1280,720,3,464,245,646,352
KravMagaKnifeDefenseTechniques192.jpg,1280,720,3,486,268,670,371
KravMagaKnifeDefenseTechniques193.jpg,1280,720,3,480,262,664,372
KravMagaKnifeDefenseTechniques197.jpg,1280,720,3,496,269,673,379
KravMagaKnifeDefenseTechniques201.jpg,1280,720,3,505,285,685,387
KravMagaKnifeDefenseTechniques204.jpg,1280,720,3,514,281,704,381
KravMagaKnifeDefenseTechniques205.jpg,1280,720,3,511,285,695,395
KravMagaKnifeDefenseTechniques207.jpg,1280,720,3,512,290,688,390
KravMagaKnifeDefenseTechniques209.jpg,1280,720,3,514,288,689,388
KravMagaKnifeDefenseTechniques211.jpg,1280,720,3,512,274,691,378
KravMagaKnifeDefenseTechniques215.jpg,1280,720,3,518,284,699,392
KravMagaKnifeDefenseTechniques217.jpg,1280,720,3,508,284,696,400
KravMagaKnifeDefenseTechniques220.jpg,1280,720,3,511,294,693,398
KravMagaKnifeDefenseTechniques224.jpg,1280,720,3,522,263,704,378
KravMagaKnifeDefenseTechniques225.jpg,1280,720,3,517,275,695,381
KravMagaKnifeDefenseTechniques228.jpg,1280,720,3,509,265,689,379
KravMagaKnifeDefenseTechniques231.jpg,1280,720,3,476,261,657,374
KravMagaKnifeDefenseTechniques232.jpg,1280,720,3,469,266,643,382
KravMagaKnifeDefenseTechniques234.jpg,1280,720,3,431,266,611,384
KravMagaKnifeDefenseTechniques237.jpg,1280,720,3,402,263,576,382
KravMagaKnifeDefenseTechniques240.jpg,1280,720,3,493,398,692,487
KravMagaKnifeDefenseTechniques243.jpg,1280,720,3,773,216,915,262
KravMagaKnifeDefenseTechniques244.jpg,1280,720,3,766,190,909,236
KravMagaKnifeDefenseTechniques245.jpg,1280,720,3,749,191,895,236
KravMagaKnifeDefenseTechniques246.jpg,1280,720,3,738,185,891,239
KravMagaKnifeDefenseTechniques261.jpg,1280,720,3,702,139,892,224
KravMagaKnifeDefenseTechniques262.jpg,1280,720,3,706,143,912,230
KravMagaKnifeDefenseTechniques267.jpg,1280,720,3,676,268,902,359
KravMagaKnifeDefenseTechniques269.jpg,1280,720,3,696,256,914,350
KravMagaKnifeDefenseTechniques278.jpg,1280,720,3,737,287,951,375
KravMagaKnifeDefenseTechniques286.jpg,1280,720,3,740,330,947,432
KravMagaKnifeDefenseTechniques290.jpg,1280,720,3,757,385,962,498
KravMagaKnifeDefenseTechniques292.jpg,1280,720,3,756,403,960,516
KravMagaKnifeDefenseTechniques294.jpg,1280,720,3,778,416,967,504
KravMagaKnifeDefenseTechniques295.jpg,1280,720,3,776,404,951,494
KravMagaKnifeDefenseTechniques316.jpg,1280,720,3,804,319,949,432
KravMagaKnifeDefenseTechniques377.jpg,1280,720,3,843,213,1001,381
KravMagaKnifeDefenseTechniques380.jpg,1280,720,3,901,255,1038,401
KravMagaKnifeDefenseTechniques398.jpg,1280,720,3,612,301,685,420
KravMagaKnifeDefenseTechniques453.jpg,1280,720,3,456,394,669,545
KravMagaKnifeDefenseTechniques474.jpg,1280,720,3,914,263,1067,540
KravMagaKnifeDefenseTechniques476.jpg,1280,720,3,895,239,1053,508
KravMagaKnifeDefenseTechniques585.jpg,1280,720,3,267,545,488,620
KravMagaKnifeDefenseTechniques587.jpg,1280,720,3,317,529,524,598
KravMagaKnifeDefenseTechniques590.jpg,1280,720,3,344,520,559,591
KravMagaKnifeDefenseTechniques594.jpg,1280,720,3,378,532,595,600
KravMagaKnifeDefenseTechniques624.jpg,1280,720,3,389,498,543,555
KravMagaKnifeDefenseTechniques626.jpg,1280,720,3,344,474,515,519
KravMagaKnifeDefenseTechniques628.jpg,1280,720,3,267,507,438,585
KravMagaKnifeDefenseTechniques630.jpg,1280,720,3,249,504,428,572
KravMagaKnifeDefenseTechniques655.jpg,1280,720,3,250,435,314,588
KravMagaKnifeDefenseTechniques660.jpg,1280,720,3,433,442,608,540
KravMagaKnifeDefenseTechniques670.jpg,1280,720,3,475,378,643,478
KravMagaKnifeDefenseTechniques676.jpg,1280,720,3,502,395,678,485
KravMagaKnifeDefenseTechniques695.jpg,1280,720,3,562,397,735,477
KravMagaKnifeDefenseTechniques697.jpg,1280,720,3,570,387,743,456
KravMagaKnifeDefenseTechniques699.jpg,1280,720,3,579,372,756,439
KravMagaKnifeDefenseTechniques700.jpg,1280,720,3,572,377,752,446
KravMagaKnifeDefenseTechniques703.jpg,1280,720,3,579,410,753,477
KravMagaKnifeDefenseTechniques704.jpg,1280,720,3,578,413,757,487
KravMagaKnifeDefenseTechniques706.jpg,1280,720,3,579,427,759,495
KravMagaKnifeDefenseTechniques709.jpg,1280,720,3,572,430,751,497
KravMagaKnifeDefenseTechniques713.jpg,1280,720,3,576,445,749,519
KravMagaKnifeDefenseTechniques715.jpg,1280,720,3,580,449,749,506
KravMagaKnifeDefenseTechniques719.jpg,1280,720,3,576,443,743,507
KravMagaKnifeDefenseTechniques721.jpg,1280,720,3,579,450,746,510
KravMagaKnifeDefenseTechniques730.jpg,1280,720,3,578,445,750,516
KravMagaKnifeDefenseTechniques731.jpg,1280,720,3,546,461,717,539
KravMagaKnifeDefenseTechniques743.jpg,1280,720,3,157,406,218,555
KravMagaKnifeDefenseTechniques746.jpg,1280,720,3,344,517,525,610
KravMagaKnifeDefenseTechniques752.jpg,1280,720,3,395,517,570,621
KravMagaKnifeDefenseTechniques759.jpg,1280,720,3,459,488,638,569
KravMagaKnifeDefenseTechniques762.jpg,1280,720,3,462,478,646,568
KravMagaKnifeDefenseTechniques765.jpg,1280,720,3,472,471,657,559
KravMagaKnifeDefenseTechniques768.jpg,1280,720,3,495,469,673,545
KravMagaKnifeDefenseTechniques773.jpg,1280,720,3,514,463,683,529
KravMagaKnifeDefenseTechniques775.jpg,1280,720,3,511,461,686,527
KravMagaKnifeDefenseTechniques780.jpg,1280,720,3,508,465,683,532
KravMagaKnifeDefenseTechniques795.jpg,1280,720,3,183,520,315,624
KravMagaTraining000.jpg,1280,720,3,652,65,803,163
KravMagaTraining051.jpg,1280,720,3,674,119,784,285
KravMagaTraining076.jpg,1280,720,3,738,1,976,161
KravMagaTraining094.jpg,1280,720,3,692,1,948,177
KravMagaTraining115.jpg,1280,720,3,396,18,638,226
KravMagaTraining119.jpg,1280,720,3,339,65,460,253
KravMagaTraining139.jpg,1280,720,3,774,43,943,175
KravMagaTraining156.jpg,1280,720,3,650,153,739,329
KravMagaTraining167.jpg,1280,720,3,880,223,997,339
KravMagaTraining20041.jpg,1280,720,3,110,588,250,699
KravMagaTraining20043.jpg,1280,720,3,112,583,261,699
KravMagaTraining20046.jpg,1280,720,3,110,577,254,693
KravMagaTraining20072.jpg,1280,720,3,233,535,407,603
KravMagaTraining20098.jpg,1280,720,3,265,511,437,581
KravMagaTraining20102.jpg,1280,720,3,291,423,451,489
KravMagaTraining20107.jpg,1280,720,3,657,435,808,502
KravMagaTraining20143.jpg,1280,720,3,227,448,401,523
KravMagaTraining20147.jpg,1280,720,3,215,442,387,522
KravMagaTraining20179.jpg,1280,720,3,324,530,474,600
KravMagaTraining20180.jpg,1280,720,3,335,542,481,612
KravMagaTraining20301.jpg,1280,720,3,283,568,446,620
KravMagaTraining20314.jpg,1280,720,3,587,562,742,629
KravMagaTraining20340.jpg,1280,720,3,793,470,961,515
KravMagaTraining20342.jpg,1280,720,3,796,477,954,527
KravMagaTraining20343.jpg,1280,720,3,787,466,947,520
KravMagaTraining20344.jpg,1280,720,3,792,419,954,506
KravMagaTraining20348.jpg,1280,720,3,892,320,1065,381
KravMagaTraining20357.jpg,1280,720,3,846,352,1019,404
KravMagaTraining20389.jpg,1280,720,3,641,457,793,523
KravMagaTraining20390.jpg,1280,720,3,649,415,801,512
KravMagaTraining20399.jpg,1280,720,3,243,279,312,406
KravMagaTraining20404.jpg,1280,720,3,253,289,308,414
KravMagaTraining20406.jpg,1280,720,3,422,384,543,484
KravMagaTraining20407.jpg,1280,720,3,618,434,777,507
KravMagaTraining20410.jpg,1280,720,3,546,489,704,554
KravMagaTraining20582.jpg,1280,720,3,401,549,558,616
KravMagaTraining20583.jpg,1280,720,3,423,525,578,576
KravMagaTraining20585.jpg,1280,720,3,378,530,522,602
KravMagaTraining20586.jpg,1280,720,3,370,534,514,593
KravMagaTraining20595.jpg,1280,720,3,408,531,560,577
KravMagaTraining20598.jpg,1280,720,3,412,530,569,573
KravMagaTraining20602.jpg,1280,720,3,468,552,610,602
KravMagaTraining20609.jpg,1280,720,3,426,508,557,580
KravMagaTraining20611.jpg,1280,720,3,593,481,739,537
KravMagaTraining20615.jpg,1280,720,3,666,502,818,561
KravMagaTraining20622.jpg,1280,720,3,601,416,741,491
KravMagaTraining20623.jpg,1280,720,3,585,420,726,492
KravMagaTraining20626.jpg,1280,720,3,554,449,708,520
KravMagaTraining20627.jpg,1280,720,3,538,446,687,515
KravMagaTraining20703.jpg,1280,720,3,584,406,780,522
KravMagaTraining20775.jpg,1280,720,3,268,508,474,580
KravMagaTraining20796.jpg,1280,720,3,406,552,612,625
KravMagaTraining20798.jpg,1280,720,3,428,530,626,612
KravMagaTraining20802.jpg,1280,720,3,497,503,691,588
KravMagaTraining20809.jpg,1280,720,3,445,522,622,630
KravMagaTraining20825.jpg,1280,720,3,322,438,487,512
KravMagaTraining20827.jpg,1280,720,3,378,493,530,579
KravMagaTraining20833.jpg,1280,720,3,557,456,723,507
KravMagaTraining20835.jpg,1280,720,3,503,507,658,564
KravMagaTraining20846.jpg,1280,720,3,411,518,569,587
KravMagaTraining20863.jpg,1280,720,3,458,548,612,604
KravMagaTraining20921.jpg,1280,720,3,756,476,943,561
KravMagaTraining20924.jpg,1280,720,3,731,480,922,556
KravMagaTraining20967.jpg,1280,720,3,530,446,700,508
KravMagaTraining20997.jpg,1280,720,3,551,553,706,600
KravMagaTraining21024.jpg,1280,720,3,493,549,687,618
KravMagaTraining21025.jpg,1280,720,3,469,539,658,616
KravMagaTraining21026.jpg,1280,720,3,454,545,639,616
KravMagaTraining21027.jpg,1280,720,3,438,527,627,607
KravMagaTraining21028.jpg,1280,720,3,439,522,624,599
KravMagaTraining21029.jpg,1280,720,3,430,529,614,600
KravMagaTraining21066.jpg,1280,720,3,376,419,558,534
KravMagaTraining21074.jpg,1280,720,3,420,450,623,545
KravMagaTraining21079.jpg,1280,720,3,420,491,623,579
KravMagaTraining21094.jpg,1280,720,3,461,491,662,579
KravMagaTraining21102.jpg,1280,720,3,483,485,664,562
KravMagaTraining21110.jpg,1280,720,3,542,458,749,522
KravMagaTraining21138.jpg,1280,720,3,674,403,861,508
KravMagaTraining21139.jpg,1280,720,3,710,368,885,483
KravMagaTraining21141.jpg,1280,720,3,749,333,919,466
KravMagaTraining21185.jpg,1280,720,3,607,538,818,611
KravMagaTraining21222.jpg,1280,720,3,623,503,777,546
KravMagaTraining21225.jpg,1280,720,3,660,514,808,552
KravMagaTraining21226.jpg,1280,720,3,656,526,799,566
KravMagaTraining21302.jpg,1280,720,3,485,561,631,661
KravMagaTraining21304.jpg,1280,720,3,677,506,820,566
KravMagaTraining21306.jpg,1280,720,3,600,512,765,565
KravMagaTraining21309.jpg,1280,720,3,588,537,823,607
KravMagaTraining21315.jpg,1280,720,3,270,542,624,677
KravMagaTraining21316.jpg,1280,720,3,149,498,487,695
KravMagaTraining21319.jpg,1280,720,3,568,542,904,633
KravMagaTraining21322.jpg,1280,720,3,349,535,685,692
KravMagaTraining21333.jpg,1280,720,3,560,493,860,602
KravMagaTraining21334.jpg,1280,720,3,578,408,866,554
KravMagaTraining215.jpg,1280,720,3,889,320,938,485
KravMagaTraining216.jpg,1280,720,3,854,348,904,510
KravMagaTraining244.jpg,1280,720,3,258,219,339,375
KravMagaTraining253.jpg,1280,720,3,385,46,547,165
KravMagaTraining255.jpg,1280,720,3,380,58,542,168
KravMagaTraining258.jpg,1280,720,3,393,80,545,207
KravMagaTraining260.jpg,1280,720,3,393,88,543,223
KravMagaTraining267.jpg,1280,720,3,419,93,564,230
KravMagaTraining273.jpg,1280,720,3,434,98,576,233
KravMagaTraining320.jpg,1280,720,3,269,538,426,583
KravMagaTraining324.jpg,1280,720,3,357,443,481,569
KravMagaTraining331.jpg,1280,720,3,554,12,689,88
KravMagaTraining340.jpg,1280,720,3,658,333,738,472
KravMagaTraining341.jpg,1280,720,3,607,369,676,502
KravMagaTraining342.jpg,1280,720,3,570,370,643,500
KravMagaTraining344.jpg,1280,720,3,607,261,653,404
KravMagaTraining355.jpg,1280,720,3,366,119,437,245
KravMagaTraining366.jpg,1280,720,3,322,433,473,475
KravMagaTraining367.jpg,1280,720,3,449,362,542,479
KravMagaTraining371.jpg,1280,720,3,599,26,730,104
KravMagaTraining376.jpg,1280,720,3,387,75,458,215
KravMagaTraining379.jpg,1280,720,3,369,93,434,242
KravMagaTraining4036.jpg,1280,720,3,562,454,677,545
KravMagaTraining4043.jpg,1280,720,3,524,461,634,550
KravMagaTraining4052.jpg,1280,720,3,518,423,642,530
KravMagaTraining4081.jpg,1280,720,3,484,491,711,630
KravMagaTraining4117.jpg,1280,720,3,176,411,473,519
KravMagaTraining4118.jpg,1280,720,3,943,260,1130,398
KravMagaTraining4127.jpg,1280,720,3,197,222,268,342
KravMagaTraining417.jpg,1280,720,3,558,234,601,370
KravMagaTraining4189.jpg,1280,720,3,519,56,637,222
KravMagaTraining4278.jpg,1280,720,3,649,435,724,539
KravMagaTraining4331.jpg,1280,720,3,287,238,460,312
KravMagaTraining4341.jpg,1280,720,3,253,527,406,672
KravMagaTraining4401.jpg,1280,720,3,546,248,641,383
KravMagaTraining4408.jpg,1280,720,3,487,229,645,285
KravMagaTraining4424.jpg,1280,720,3,43,88,241,196
KravMagaTraining4442.jpg,1280,720,3,969,618,1106,677
KravMagaTraining4443.jpg,1280,720,3,980,634,1116,687
KravMagaTraining4610.jpg,1280,720,3,1,398,206,519
KravMagaTraining4611.jpg,1280,720,3,4,425,234,526
KravMagaTraining4612.jpg,1280,720,3,4,396,219,508
KravMagaTraining4613.jpg,1280,720,3,85,381,265,510
KravMagaTraining4614.jpg,1280,720,3,139,377,297,470
KravMagaTraining4617.jpg,1280,720,3,74,453,254,531
KravMagaTraining4618.jpg,1280,720,3,96,504,273,596
KravMagaTraining4628.jpg,1280,720,3,219,126,370,299
KravMagaTraining464.jpg,1280,720,3,274,411,388,530
KravMagaTraining4643.jpg,1280,720,3,1001,360,1156,530
KravMagaTraining4652.jpg,1280,720,3,704,230,890,292
KravMagaTraining474.jpg,1280,720,3,353,427,463,516
KravMagaTraining493.jpg,1280,720,3,376,443,497,501
KravMagaTraining497.jpg,1280,720,3,433,224,502,331
KravMagaTraining500.jpg,1280,720,3,499,270,551,408
KravMagaTraining531.jpg,1280,720,3,867,312,931,459
KravMagaTraining548.jpg,1280,720,3,59,316,122,482
KravMagaTraining550.jpg,1280,720,3,171,391,264,541
KravMagaTraining561.jpg,1280,720,3,410,260,532,408
KravMagaTraining566.jpg,1280,720,3,941,321,1059,538
KravMagaTraining572.jpg,1280,720,3,919,340,1014,552
KravMagaTraining575.jpg,1280,720,3,926,337,1021,554
KravMagaTraining580.jpg,1280,720,3,922,338,1006,561
KravMagaTraining590.jpg,1280,720,3,561,395,630,546
KravMagaTraining613.jpg,1280,720,3,624,404,693,577
KravMagaTraining617.jpg,1280,720,3,691,160,860,218
KravMagaTraining619.jpg,1280,720,3,1081,230,1189,375
KravMagaTraining620.jpg,1280,720,3,1104,256,1196,406
KravMagaTraining624.jpg,1280,720,3,1131,291,1198,452
KravMagaTraining626.jpg,1280,720,3,1146,319,1202,476
KravMagaTraining634.jpg,1280,720,3,1128,435,1227,569
KravMagaTraining636.jpg,1280,720,3,1123,446,1221,589
KravMagaTraining637.jpg,1280,720,3,1094,485,1198,622
KravMagaTraining641.jpg,1280,720,3,997,319,1142,358
KravMagaTraining657.jpg,1280,720,3,839,338,893,482
KravMagaTraining658.jpg,1280,720,3,836,340,899,479
KravMagaTraining659.jpg,1280,720,3,846,327,898,471
KravMagaTraining661.jpg,1280,720,3,841,275,908,420
KravMagaTraining682.jpg,1280,720,3,525,164,617,273
KravMagaTraining688.jpg,1280,720,3,606,291,670,428
KravMagaTraining690.jpg,1280,720,3,637,293,693,433
KravMagaTraining691.jpg,1280,720,3,677,305,727,464
KravMagaTraining705.jpg,1280,720,3,408,401,489,524
KravMagaTraining711.jpg,1280,720,3,434,259,520,386
KravMagaTraining713.jpg,1280,720,3,465,255,562,385
KravMagaTraining716.jpg,1280,720,3,746,187,861,278
KravMagaTraining718.jpg,1280,720,3,751,191,863,288
KravMagaTraining725.jpg,1280,720,3,316,494,458,560
KravMagaTraining726.jpg,1280,720,3,379,398,500,488
KravMagaTraining727.jpg,1280,720,3,411,251,475,390
KravMagaTraining728.jpg,1280,720,3,396,262,478,403
KravMagaTraining729.jpg,1280,720,3,401,276,478,420
KravMagaTraining734.jpg,1280,720,3,773,165,907,236
KravMagaTraining735.jpg,1280,720,3,798,168,936,249
KravMagaTraining741.jpg,1280,720,3,800,179,930,264
KravMagaTraining747.jpg,1280,720,3,808,133,968,248
KravMagaTraining748.jpg,1280,720,3,840,142,999,263
KravMagaTraining749.jpg,1280,720,3,872,166,1026,304
KravMagaTraining750.jpg,1280,720,3,907,204,1044,355
KravMagaTraining751.jpg,1280,720,3,940,269,1012,465
KravMagaTraining752.jpg,1280,720,3,946,287,1003,479
KravMagaTraining753.jpg,1280,720,3,944,289,1006,484
KravMagaTraining754.jpg,1280,720,3,929,339,980,537
KravMagaTraining777.jpg,1280,720,3,530,416,712,460
KravMagaTraining784.jpg,1280,720,3,71,529,204,690
KravMagaTraining790.jpg,1280,720,3,940,397,994,600
LBbframe00118.jpg,1920,1090,3,1404,636,1561,785
LBbframe00130.jpg,1920,1090,3,1075,589,1212,729
LBbframe00145.jpg,1920,1090,3,797,513,878,647
LBbframe00160.jpg,1920,1090,3,669,457,778,604
LBbframe00163.jpg,1920,1090,3,733,470,827,605
LBbframe00166.jpg,1920,1090,3,806,476,870,600
LBbframe00178.jpg,1920,1090,3,1018,482,1087,611
LBbframe00238.jpg,1920,1090,3,994,534,1113,686
LBbframe00244.jpg,1920,1090,3,886,566,1024,682
LBbframe00256.jpg,1920,1090,3,640,531,768,631
LBbframe00262.jpg,1920,1090,3,490,587,637,668
LBbframe00271.jpg,1920,1090,3,353,700,515,748
LBbframe00280.jpg,1920,1090,3,254,778,399,894
LBbframe00301.jpg,1920,1090,3,174,676,357,722
LBbframe00313.jpg,1920,1090,3,353,452,489,546
LBbframe00319.jpg,1920,1090,3,437,417,546,516
LBbframe00331.jpg,1920,1090,3,535,416,632,521
LBbframe00361.jpg,1920,1090,3,936,594,1040,727
LBbframe00370.jpg,1920,1090,3,955,449,1019,632
LBbframe00382.jpg,1920,1090,3,1098,498,1181,663
LBbframe00403.jpg,1920,1090,3,1250,493,1321,665
LBbframe00421.jpg,1920,1090,3,1256,627,1390,751
LBbframe00427.jpg,1920,1090,3,1251,733,1365,867
LBbframe00439.jpg,1920,1090,3,1347,467,1468,643
LBmframe00121.jpg,1920,1090,3,1410,576,1533,718
LBmframe00133.jpg,1920,1090,3,1078,545,1184,670
LBmframe00139.jpg,1920,1090,3,925,487,1017,581
LBmframe00145.jpg,1920,1090,3,832,480,924,576
LBmframe00151.jpg,1920,1090,3,783,436,865,554
LBmframe00178.jpg,1920,1090,3,1278,480,1383,591
LBmframe00181.jpg,1920,1090,3,1341,494,1443,587
LBmframe00187.jpg,1920,1090,3,1413,512,1532,614
LBmframe00202.jpg,1920,1090,3,1625,540,1741,648
LBmframe00220.jpg,1920,1090,3,1510,485,1568,626
LBmframe00238.jpg,1920,1090,3,1170,631,1262,725
LBmframe00253.jpg,1920,1090,3,837,629,924,713
LBmframe00265.jpg,1920,1090,3,622,651,723,716
LBmframe00271.jpg,1920,1090,3,503,688,624,741
LBmframe00289.jpg,1920,1090,3,227,838,348,917
LBmframe00310.jpg,1920,1090,3,333,521,436,592
LBmframe00319.jpg,1920,1090,3,409,492,484,558
LBmframe00349.jpg,1920,1090,3,952,471,1016,628
LBmframe00355.jpg,1920,1090,3,979,482,1035,645
LBmframe00373.jpg,1920,1090,3,1154,541,1235,669
LBmframe00385.jpg,1920,1090,3,1137,538,1209,660
LBmframe00418.jpg,1920,1090,3,1255,478,1303,610
LBsframe00160.jpg,1920,1090,3,1086,486,1199,620
LBsframe00172.jpg,1920,1090,3,1165,482,1298,602
LBsframe00199.jpg,1920,1090,3,914,453,1015,573
LBsframe00205.jpg,1920,1090,3,884,430,984,592
LBsframe00220.jpg,1920,1090,3,1184,425,1240,617
LBsframe00262.jpg,1920,1090,3,1248,478,1381,562
LBsframe00292.jpg,1920,1090,3,1211,471,1309,554
LBsframe00301.jpg,1920,1090,3,1070,448,1170,526
LBsframe00328.jpg,1920,1090,3,751,655,860,724
LBsframe00343.jpg,1920,1090,3,472,742,599,801
LBsframe00382.jpg,1920,1090,3,274,468,371,537
LBsframe00421.jpg,1920,1090,3,1077,535,1130,693
LBsframe00445.jpg,1920,1090,3,1115,523,1180,653
LBsframe00451.jpg,1920,1090,3,1124,530,1199,653
LBsframe00475.jpg,1920,1090,3,1178,460,1291,572
LBsframe00481.jpg,1920,1090,3,1152,427,1263,546
LBsframe00499.jpg,1920,1090,3,943,459,1024,566
MBbframe00124.jpg,1920,1090,3,1261,473,1381,597
MBbframe00145.jpg,1920,1090,3,763,470,864,585
MBbframe00154.jpg,1920,1090,3,611,478,704,584
MBbframe00160.jpg,1920,1090,3,524,475,613,573
MBbframe00166.jpg,1920,1090,3,513,429,628,573
MBbframe00178.jpg,1920,1090,3,871,467,957,564
MBbframe00229.jpg,1920,1090,3,1647,490,1727,649
MBbframe00238.jpg,1920,1090,3,1398,527,1466,693
MBbframe00250.jpg,1920,1090,3,1073,569,1212,701
MBbframe00265.jpg,1920,1090,3,690,680,851,777
MBbframe00271.jpg,1920,1090,3,602,780,786,829
MBbframe00277.jpg,1920,1090,3,504,841,676,940
MBbframe00280.jpg,1920,1090,3,445,864,608,982
MBbframe00289.jpg,1920,1090,3,241,887,414,1009
MBbframe00298.jpg,1920,1090,3,117,749,309,797
MBbframe00304.jpg,1920,1090,3,204,655,372,716
MBbframe00313.jpg,1920,1090,3,343,597,472,670
MBbframe00337.jpg,1920,1090,3,997,582,1106,702
MBbframe00364.jpg,1920,1090,3,1268,518,1357,705
MBbframe00397.jpg,1920,1090,3,1277,627,1337,762
MBbframe00403.jpg,1920,1090,3,1222,576,1348,666
MBbframe00415.jpg,1920,1090,3,1221,535,1355,665
MBmframe00100.jpg,1920,1090,3,1627,506,1765,632
MBmframe00106.jpg,1920,1090,3,1399,489,1526,607
MBmframe00118.jpg,1920,1090,3,1165,491,1290,583
MBmframe00145.jpg,1920,1090,3,621,458,714,553
MBmframe00154.jpg,1920,1090,3,487,493,582,581
MBmframe00157.jpg,1920,1090,3,446,514,559,598
MBmframe00175.jpg,1920,1090,3,715,485,817,580
MBmframe00187.jpg,1920,1090,3,857,468,963,569
MBmframe00196.jpg,1920,1090,3,1033,450,1146,548
MBmframe00229.jpg,1920,1090,3,1583,492,1687,592
MBmframe00265.jpg,1920,1090,3,747,793,899,844
MBmframe00271.jpg,1920,1090,3,693,853,806,942
MBmframe00277.jpg,1920,1090,3,557,864,661,967
MBmframe00286.jpg,1920,1090,3,301,948,413,1055
MBmframe00307.jpg,1920,1090,3,217,632,335,697
MBmframe00319.jpg,1920,1090,3,438,596,523,655
MBmframe00343.jpg,1920,1090,3,1123,580,1208,719
MBmframe00349.jpg,1920,1090,3,1104,503,1171,660
MBmframe00373.jpg,1920,1090,3,1212,511,1268,650
MBmframe00391.jpg,1920,1090,3,1077,532,1150,666
MBmframe00406.jpg,1920,1090,3,1030,556,1142,632
MBsframe00163.jpg,1920,1090,3,1067,522,1181,635
MBsframe00199.jpg,1920,1090,3,860,510,941,598
MBsframe00250.jpg,1920,1090,3,1123,475,1228,572
MBsframe00271.jpg,1920,1090,3,1301,552,1398,644
MBsframe00286.jpg,1920,1090,3,1239,594,1308,669
MBsframe00343.jpg,1920,1090,3,542,793,697,844
MBsframe00349.jpg,1920,1090,3,429,879,572,939
MBsframe00418.jpg,1920,1090,3,1023,510,1078,643
MBsframe00424.jpg,1920,1090,3,990,495,1049,641
MBsframe00457.jpg,1920,1090,3,1076,539,1149,658
MBsframe00484.jpg,1920,1090,3,1195,422,1241,566
MBsframe00496.jpg,1920,1090,3,1102,371,1159,509
MBsframe00508.jpg,1920,1090,3,1161,401,1228,533
MBsframe00520.jpg,1920,1090,3,1213,415,1298,559
RealityKnifeAttacks0170.jpg,1280,720,3,470,378,564,423
RealityKnifeAttacks0174.jpg,1280,720,3,498,388,598,428
RealityKnifeAttacks0176.jpg,1280,720,3,524,377,622,426
RealityKnifeAttacks0178.jpg,1280,720,3,538,369,632,425
RealityKnifeAttacks0180.jpg,1280,720,3,570,364,659,419
RealityKnifeAttacks0182.jpg,1280,720,3,582,376,664,421
RealityKnifeAttacks0592.jpg,1280,720,3,512,425,591,494
RealityKnifeAttacks0593.jpg,1280,720,3,523,416,598,489
RealityKnifeAttacks0650.jpg,1280,720,3,548,297,583,387
RealityKnifeAttacks0652.jpg,1280,720,3,559,301,600,395
RusoClases003.jpg,1280,720,3,534,159,656,216
RusoClases154.jpg,1280,720,3,920,385,952,487
RusoClases179.jpg,1280,720,3,444,334,572,387
RusoClases200.jpg,1280,720,3,421,196,511,303
RusoClases263.jpg,1280,720,3,438,407,545,551
RusoClases264.jpg,1280,720,3,395,349,512,496
RusoClases306.jpg,1280,720,3,523,285,576,455
RusoClases308.jpg,1280,720,3,570,345,619,512
RusoClases309.jpg,1280,720,3,580,320,625,481
RusoClases310.jpg,1280,720,3,595,332,644,495
RusoClases312.jpg,1280,720,3,687,480,749,627
RusoClases314.jpg,1280,720,3,631,403,677,568
RusoClases315.jpg,1280,720,3,565,329,614,497
RusoClases333.jpg,1280,720,3,489,371,612,495
RusoClases336.jpg,1280,720,3,661,190,801,270
RusoClases338.jpg,1280,720,3,500,302,633,420
RusoClases339.jpg,1280,720,3,511,302,640,424
RusoClases362.jpg,1280,720,3,560,560,714,622
RusoClases393.jpg,1280,720,3,521,475,673,528
RusoClases396.jpg,1280,720,3,454,425,602,489
RusoClases404.jpg,1280,720,3,459,415,600,484
RusoClases415.jpg,1280,720,3,469,428,622,499
RusoClases416.jpg,1280,720,3,472,436,627,500
RusoClases434.jpg,1280,720,3,509,429,634,482
RusoClases461.jpg,1280,720,3,1049,419,1191,607
RusoClases643.jpg,1280,720,3,656,485,886,572
RusoClases647.jpg,1280,720,3,602,155,671,397
RusoClases648.jpg,1280,720,3,618,158,689,396
RusoClases793.jpg,1280,720,3,898,351,1080,441
RusoClases794.jpg,1280,720,3,931,369,1115,452
RusoClases795.jpg,1280,720,3,896,379,1056,459
